{"count":1,"self":82.570399999999992,"total":83.080347899999992,"children":{"InitializeActuators":{"count":2,"self":0.0010000999999999999,"total":0.0010000999999999999,"children":null},"InitializeSensors":{"count":2,"self":0.001,"total":0.001,"children":null},"AgentSendState":{"count":3907,"self":0.058972899999999995,"total":0.074944,"children":{"CollectObservations":{"count":782,"self":0.0049619999999999994,"total":0.0049619999999999994,"children":null},"WriteActionMask":{"count":782,"self":0.0010000999999999999,"total":0.0010000999999999999,"children":null},"RequestDecision":{"count":782,"self":0.010008999999999999,"total":0.010008999999999999,"children":null}}},"DecideAction":{"count":3907,"self":0.3872906,"total":0.3922913,"children":{"RayPerceptionSensor.Perceive":{"count":782,"self":0.0050006999999999994,"total":0.0050006999999999994,"children":null}}},"AgentAct":{"count":3907,"self":0.0397126,"total":0.0397126,"children":null}},"gauges":{"config_track4.CumulativeReward":{"count":18,"max":4.621567,"min":-1.27934062,"runningAverage":3.25153565,"value":4.511266,"weightedAverage":3.97918916}},"metadata":{"timer_format_version":"0.1.0","start_time_seconds":"1748330415","unity_version":"2022.3.48f1","command_line_arguments":"D:\\programok\\Unity\\2022.3.48f1\\Editor\\Unity.exe -projectpath D:\\ISKOLA\\megerositeses_tanulas\\szakdolgozat\\szakdolgozat_projekt -useHub -hubIPC -cloudEnvironment production -licensingIpc LicenseClient-koszt -hubSessionId 376c6ed7-fe39-43cc-af4f-848e5a92005f -accessToken Dp-GEG7lhSEXRcd6FNO7Ff32nJTbounMzJKCJFCUcAQ007f","communication_protocol_version":"1.5.0","com.unity.ml-agents_version":"2.0.1","scene_name":"Track_4","end_time_seconds":"1748330498"}}